{
  "urls": {
    "1": {
      "url": "http://hl.spolive.com/",
      "folder": "html",
      "filename": "c0ea85081ce8902f67604f303bca81dc3096bc9a.00000001.html",
      "filetime": "20220815094537",
      "filesize": "213982",
      "mimetype": "text/html",
      "charset": "utf-8",
      "url_original": "http://hl.spolive.com/"
    }
  }
}
{
  "urls": {
    "2": {
      "url": "http://hl.spolive.com/bbs/board.php?bo_table=holdem_club",
      "folder": "html",
      "filename": "5e55b13278ed97f6c509d3cad811781cb8762527.00000002.html",
      "filetime": "20220815094544",
      "filesize": "213707",
      "mimetype": "text/html",
      "charset": "utf-8",
      "url_original": "http://hl.spolive.com/bbs/board.php?bo_table=holdem_club"
    }
  }
}
{
  "urls": {
    "3": {
      "url": "http://hl.spolive.com/bbs/board.php?bo_table=holdem_event",
      "folder": "html",
      "filename": "1a1664243796a0c29d25953985264ad44f7e99a1.00000003.html",
      "filetime": "20220815094542",
      "filesize": "215865",
      "mimetype": "text/html",
      "charset": "utf-8",
      "url_original": "http://hl.spolive.com/bbs/board.php?bo_table=holdem_event"
    }
  }
}
{
  "urls": {
    "4": {
      "url": "http://hl.spolive.com/bbs/board.php?bo_table=holdem_event&page=",
      "folder": "html",
      "filename": "ad7ff30f28ff2f5f64f81adcc3ddd1e0e76be03b.00000004.html",
      "filetime": "20220815094553",
      "filesize": "215865",
      "mimetype": "text/html",
      "charset": "utf-8",
      "url_original": "http://hl.spolive.com/bbs/board.php?bo_table=holdem_event&page="
    }
  }
}
{
  "urls": {
    "5": {
      "url": "http://hl.spolive.com/bbs/board.php?bo_table=holdem_event&wr_id=10",
      "folder": "html",
      "filename": "b286ee3287d0123a6e44d2682b5d6a58cf5bea6c.00000005.html",
      "filetime": "20220815094553",
      "filesize": "218631",
      "mimetype": "text/html",
      "charset": "utf-8",
      "url_original": "http://hl.spolive.com/bbs/board.php?bo_table=holdem_event&wr_id=10"
    }
  }
}
{
  "urls": {
    "6": {
      "url": "http://hl.spolive.com/bbs/board.php?bo_table=holdem_event&wr_id=11",
      "folder": "html",
      "filename": "33fc3369ab7b7e3277012cb6df404b06a28fd122.00000006.html",
      "filetime": "20220815094538",
      "filesize": "220840",
      "mimetype": "text/html",
      "charset": "utf-8",
      "url_original": "http://hl.spolive.com/bbs/board.php?bo_table=holdem_event&wr_id=11"
    }
  }
}
{
  "urls": {
    "7": {
      "url": "http://hl.spolive.com/bbs/board.php?bo_table=holdem_event&wr_id=2",
      "folder": "html",
      "filename": "a3bd38848c207cb224b7125ee5af46ba725cf7bf.00000007.html",
      "filetime": "20220815094554",
      "filesize": "217221",
      "mimetype": "text/html",
      "charset": "utf-8",
      "url_original": "http://hl.spolive.com/bbs/board.php?bo_table=holdem_event&wr_id=2"
    }
  }
}
{
  "urls": {
    "8": {
      "url": "http://hl.spolive.com/bbs/board.php?bo_table=holdem_event&wr_id=5",
      "folder": "html",
      "filename": "b5e1bbef15aa610950b7331ba206a19369981fd7.00000008.html",
      "filetime": "20220815094554",
      "filesize": "219411",
      "mimetype": "text/html",
      "charset": "utf-8",
      "url_original": "http://hl.spolive.com/bbs/board.php?bo_table=holdem_event&wr_id=5"
    }
  }
}
{
  "urls": {
    "9": {
      "url": "http://hl.spolive.com/bbs/board.php?bo_table=holdem_event&wr_id=6",
      "folder": "html",
      "filename": "25d930efc536844e301a81bce6de2ccc3dfe99f2.00000009.html",
      "filetime": "20220815094554",
      "filesize": "221205",
      "mimetype": "text/html",
      "charset": "utf-8",
      "url_original": "http://hl.spolive.com/bbs/board.php?bo_table=holdem_event&wr_id=6"
    }
  }
}
{
  "urls": {
    "10": {
      "url": "http://hl.spolive.com/bbs/board.php?bo_table=holdem_event&wr_id=9",
      "folder": "html",
      "filename": "026bb8e3bd48a1f2fbe8da60ccc2f747546d91e7.00000010.html",
      "filetime": "20220815094554",
      "filesize": "219303",
      "mimetype": "text/html",
      "charset": "utf-8",
      "url_original": "http://hl.spolive.com/bbs/board.php?bo_table=holdem_event&wr_id=9"
    }
  }
}
{
  "urls": {
    "11": {
      "url": "http://hl.spolive.com/bbs/board.php?bo_table=holdem_free",
      "folder": "html",
      "filename": "2f2e9becfb0be642d8aeffed1d85d98c5b243ae0.00000011.html",
      "filetime": "20220815094537",
      "filesize": "231240",
      "mimetype": "text/html",
      "charset": "utf-8",
      "url_original": "http://hl.spolive.com/bbs/board.php?bo_table=holdem_free"
    }
  }
}
{
  "urls": {
    "12": {
      "url": "http://hl.spolive.com/bbs/board.php?bo_table=holdem_free&page=10",
      "folder": "html",
      "filename": "b202ef27029d2c168f77fcaf4794bd46bca432c7.00000012.html",
      "filetime": "20220815094552",
      "filesize": "230865",
      "mimetype": "text/html",
      "charset": "utf-8",
      "url_original": "http://hl.spolive.com/bbs/board.php?bo_table=holdem_free&page=10"
    }
  }
}
{
  "urls": {
    "13": {
      "url": "http://hl.spolive.com/bbs/board.php?bo_table=holdem_free&page=2",
      "folder": "html",
      "filename": "a0cf1ebe17eeff7330bb02e52453b43d43062eff.00000013.html",
      "filetime": "20220815094551",
      "filesize": "230529",
      "mimetype": "text/html",
      "charset": "utf-8",
      "url_original": "http://hl.spolive.com/bbs/board.php?bo_table=holdem_free&page=2"
    }
  }
}
{
  "urls": {
    "14": {
      "url": "http://hl.spolive.com/bbs/board.php?bo_table=holdem_free&page=3",
      "folder": "html",
      "filename": "fed4a14d8ac098cbd5f74b4491283f8d7a0274bd.00000014.html",
      "filetime": "20220815094551",
      "filesize": "231136",
      "mimetype": "text/html",
      "charset": "utf-8",
      "url_original": "http://hl.spolive.com/bbs/board.php?bo_table=holdem_free&page=3"
    }
  }
}
{
  "urls": {
    "15": {
      "url": "http://hl.spolive.com/bbs/board.php?bo_table=holdem_free&page=4",
      "folder": "html",
      "filename": "bbc5a3e39f7ce203e5c76ce2e3a00c1f45ea3366.00000015.html",
      "filetime": "20220815094551",
      "filesize": "230856",
      "mimetype": "text/html",
      "charset": "utf-8",
      "url_original": "http://hl.spolive.com/bbs/board.php?bo_table=holdem_free&page=4"
    }
  }
}
{
  "urls": {
    "16": {
      "url": "http://hl.spolive.com/bbs/board.php?bo_table=holdem_free&page=5",
      "folder": "html",
      "filename": "b5b17201cf47f7d1982e6af0b2df4691984001f5.00000016.html",
      "filetime": "20220815094551",
      "filesize": "230743",
      "mimetype": "text/html",
      "charset": "utf-8",
      "url_original": "http://hl.spolive.com/bbs/board.php?bo_table=holdem_free&page=5"
    }
  }
}
{
  "urls": {
    "17": {
      "url": "http://hl.spolive.com/bbs/board.php?bo_table=holdem_free&page=6",
      "folder": "html",
      "filename": "773b7ba606fad2fbfa65888c493703ed666b6dda.00000017.html",
      "filetime": "20220815094551",
      "filesize": "230123",
      "mimetype": "text/html",
      "charset": "utf-8",
      "url_original": "http://hl.spolive.com/bbs/board.php?bo_table=holdem_free&page=6"
    }
  }
}
{
  "urls": {
    "18": {
      "url": "http://hl.spolive.com/bbs/board.php?bo_table=holdem_free&page=7",
      "folder": "html",
      "filename": "27ff00f5f750ae57ba12a8bd6fb737fc903281bf.00000018.html",
      "filetime": "20220815094552",
      "filesize": "231019",
      "mimetype": "text/html",
      "charset": "utf-8",
      "url_original": "http://hl.spolive.com/bbs/board.php?bo_table=holdem_free&page=7"
    }
  }
}
{
  "urls": {
    "19": {
      "url": "http://hl.spolive.com/bbs/board.php?bo_table=holdem_free&page=8",
      "folder": "html",
      "filename": "676cc9bd93e2615a2ddd017b03193a5720142f36.00000019.html",
      "filetime": "20220815094552",
      "filesize": "230949",
      "mimetype": "text/html",
      "charset": "utf-8",
      "url_original": "http://hl.spolive.com/bbs/board.php?bo_table=holdem_free&page=8"
    }
  }
}
{
  "urls": {
    "20": {
      "url": "http://hl.spolive.com/bbs/board.php?bo_table=holdem_free&page=9",
      "folder": "html",
      "filename": "6cf81363b21d51ed860bae6002e5de13f0ca5fe1.00000020.html",
      "filetime": "20220815094552",
      "filesize": "230889",
      "mimetype": "text/html",
      "charset": "utf-8",
      "url_original": "http://hl.spolive.com/bbs/board.php?bo_table=holdem_free&page=9"
    }
  }
}
{
  "urls": {
    "21": {
      "url": "http://hl.spolive.com/bbs/board.php?bo_table=holdem_free&wr_id=760",
      "folder": "html",
      "filename": "24870a55c9f230da54240713fbac0caa142fc597.00000021.html",
      "filetime": "20220815094550",
      "filesize": "217414",
      "mimetype": "text/html",
      "charset": "utf-8",
      "url_original": "http://hl.spolive.com/bbs/board.php?bo_table=holdem_free&wr_id=760"
    }
  }
}
{
  "urls": {
    "22": {
      "url": "http://hl.spolive.com/bbs/board.php?bo_table=holdem_free&wr_id=761",
      "folder": "html",
      "filename": "b0dea0e14a9a835a9d76d6f0d10d9fccb2a85783.00000022.html",
      "filetime": "20220815094550",
      "filesize": "219710",
      "mimetype": "text/html",
      "charset": "utf-8",
      "url_original": "http://hl.spolive.com/bbs/board.php?bo_table=holdem_free&wr_id=761"
    }
  }
}
{
  "urls": {
    "23": {
      "url": "http://hl.spolive.com/bbs/board.php?bo_table=holdem_free&wr_id=762",
      "folder": "html",
      "filename": "5b2790b656372dc702f0f8b8ae71e85e6420807a.00000023.html",
      "filetime": "20220815094550",
      "filesize": "217410",
      "mimetype": "text/html",
      "charset": "utf-8",
      "url_original": "http://hl.spolive.com/bbs/board.php?bo_table=holdem_free&wr_id=762"
    }
  }
}
{
  "urls": {
    "24": {
      "url": "http://hl.spolive.com/bbs/board.php?bo_table=holdem_free&wr_id=763",
      "folder": "html",
      "filename": "a355b6b3fa29cc0a845a8905c64e7e37ec0dba9b.00000024.html",
      "filetime": "20220815094550",
      "filesize": "219595",
      "mimetype": "text/html",
      "charset": "utf-8",
      "url_original": "http://hl.spolive.com/bbs/board.php?bo_table=holdem_free&wr_id=763"
    }
  }
}
{
  "urls": {
    "25": {
      "url": "http://hl.spolive.com/bbs/board.php?bo_table=holdem_free&wr_id=766",
      "folder": "html",
      "filename": "72bc90558b4bea0215a185a1b545cba9565c7303.00000025.html",
      "filetime": "20220815094549",
      "filesize": "219916",
      "mimetype": "text/html",
      "charset": "utf-8",
      "url_original": "http://hl.spolive.com/bbs/board.php?bo_table=holdem_free&wr_id=766"
    }
  }
}
{
  "urls": {
    "26": {
      "url": "http://hl.spolive.com/bbs/board.php?bo_table=holdem_free&wr_id=767",
      "folder": "html",
      "filename": "5cef3b636bcb7207c14e3336f817e33baa96d89f.00000026.html",
      "filetime": "20220815094549",
      "filesize": "219281",
      "mimetype": "text/html",
      "charset": "utf-8",
      "url_original": "http://hl.spolive.com/bbs/board.php?bo_table=holdem_free&wr_id=767"
    }
  }
}
{
  "urls": {
    "27": {
      "url": "http://hl.spolive.com/bbs/board.php?bo_table=holdem_free&wr_id=768",
      "folder": "html",
      "filename": "f9f0d374a0d5fa79749110249a07b21d88e3f176.00000027.html",
      "filetime": "20220815094548",
      "filesize": "219603",
      "mimetype": "text/html",
      "charset": "utf-8",
      "url_original": "http://hl.spolive.com/bbs/board.php?bo_table=holdem_free&wr_id=768"
    }
  }
}
{
  "urls": {
    "28": {
      "url": "http://hl.spolive.com/bbs/board.php?bo_table=holdem_free&wr_id=772",
      "folder": "html",
      "filename": "1a8cbc863e44473ee316d6cd1f1e7fc33dea2ae9.00000028.html",
      "filetime": "20220815094549",
      "filesize": "219081",
      "mimetype": "text/html",
      "charset": "utf-8",
      "url_original": "http://hl.spolive.com/bbs/board.php?bo_table=holdem_free&wr_id=772"
    }
  }
}
{
  "urls": {
    "29": {
      "url": "http://hl.spolive.com/bbs/board.php?bo_table=holdem_free&wr_id=773",
      "folder": "html",
      "filename": "9e9a435660fe665b56fe3df9cda701ebb436dab4.00000029.html",
      "filetime": "20220815094548",
      "filesize": "222315",
      "mimetype": "text/html",
      "charset": "utf-8",
      "url_original": "http://hl.spolive.com/bbs/board.php?bo_table=holdem_free&wr_id=773"
    }
  }
}
{
  "urls": {
    "30": {
      "url": "http://hl.spolive.com/bbs/board.php?bo_table=holdem_free&wr_id=779",
      "folder": "html",
      "filename": "3ba189db4c90ee39ff60d2378bd3e835b0ab9fec.00000030.html",
      "filetime": "20220815094548",
      "filesize": "221497",
      "mimetype": "text/html",
      "charset": "utf-8",
      "url_original": "http://hl.spolive.com/bbs/board.php?bo_table=holdem_free&wr_id=779"
    }
  }
}
{
  "urls": {
    "31": {
      "url": "http://hl.spolive.com/bbs/board.php?bo_table=holdem_free&wr_id=783",
      "folder": "html",
      "filename": "4bd2e529d9977fc521138124f76ddd1752b4f02a.00000031.html",
      "filetime": "20220815094547",
      "filesize": "219426",
      "mimetype": "text/html",
      "charset": "utf-8",
      "url_original": "http://hl.spolive.com/bbs/board.php?bo_table=holdem_free&wr_id=783"
    }
  }
}
{
  "urls": {
    "32": {
      "url": "http://hl.spolive.com/bbs/board.php?bo_table=holdem_free&wr_id=785",
      "folder": "html",
      "filename": "ef5d91a9ab7f1a80a2c409b471c5d9f30b0326e6.00000032.html",
      "filetime": "20220815094547",
      "filesize": "219497",
      "mimetype": "text/html",
      "charset": "utf-8",
      "url_original": "http://hl.spolive.com/bbs/board.php?bo_table=holdem_free&wr_id=785"
    }
  }
}
{
  "urls": {
    "33": {
      "url": "http://hl.spolive.com/bbs/board.php?bo_table=holdem_free&wr_id=787",
      "folder": "html",
      "filename": "92c70ab60de2950d7ee8d73530746fd149f33560.00000033.html",
      "filetime": "20220815094546",
      "filesize": "220044",
      "mimetype": "text/html",
      "charset": "utf-8",
      "url_original": "http://hl.spolive.com/bbs/board.php?bo_table=holdem_free&wr_id=787"
    }
  }
}
{
  "urls": {
    "34": {
      "url": "http://hl.spolive.com/bbs/board.php?bo_table=holdem_free&wr_id=790",
      "folder": "html",
      "filename": "e8f11dcd25b2385c71d2bd211b2c3eeb21ef2bc5.00000034.html",
      "filetime": "20220815094546",
      "filesize": "219229",
      "mimetype": "text/html",
      "charset": "utf-8",
      "url_original": "http://hl.spolive.com/bbs/board.php?bo_table=holdem_free&wr_id=790"
    }
  }
}
{
  "urls": {
    "35": {
      "url": "http://hl.spolive.com/bbs/board.php?bo_table=holdem_free&wr_id=792",
      "folder": "html",
      "filename": "e982a15a9dd471c344b58de1fba689804a58adf2.00000035.html",
      "filetime": "20220815094546",
      "filesize": "219647",
      "mimetype": "text/html",
      "charset": "utf-8",
      "url_original": "http://hl.spolive.com/bbs/board.php?bo_table=holdem_free&wr_id=792"
    }
  }
}
{
  "urls": {
    "36": {
      "url": "http://hl.spolive.com/bbs/board.php?bo_table=holdem_free&wr_id=794",
      "folder": "html",
      "filename": "95fdf71fd61d5ba7ee69bd32eeaa20f193024ef9.00000036.html",
      "filetime": "20220815094545",
      "filesize": "217865",
      "mimetype": "text/html",
      "charset": "utf-8",
      "url_original": "http://hl.spolive.com/bbs/board.php?bo_table=holdem_free&wr_id=794"
    }
  }
}
{
  "urls": {
    "37": {
      "url": "http://hl.spolive.com/bbs/board.php?bo_table=holdem_hand",
      "folder": "html",
      "filename": "1ec0e1151aac61c909db65a3416c682669fb3182.00000037.html",
      "filetime": "20220815094544",
      "filesize": "229927",
      "mimetype": "text/html",
      "charset": "utf-8",
      "url_original": "http://hl.spolive.com/bbs/board.php?bo_table=holdem_hand"
    }
  }
}
{
  "urls": {
    "39": {
      "url": "http://hl.spolive.com/bbs/board.php?bo_table=holdem_hand&wr_id=104",
      "folder": "html",
      "filename": "5eb853184e18fab81b2032f5e6d0ef7e1d12cee6.00000039.html",
      "filetime": "20220815094602",
      "filesize": "219372",
      "mimetype": "text/html",
      "charset": "utf-8",
      "url_original": "http://hl.spolive.com/bbs/board.php?bo_table=holdem_hand&wr_id=104"
    }
  }
}
{
  "urls": {
    "38": {
      "url": "http://hl.spolive.com/bbs/board.php?bo_table=holdem_hand&wr_id=102",
      "folder": "html",
      "filename": "957f7f8f37a2c213df09ddce6cbf38b06f2f5ec3.00000038.html",
      "filetime": "20220815094603",
      "filesize": "221119",
      "mimetype": "text/html",
      "charset": "utf-8",
      "url_original": "http://hl.spolive.com/bbs/board.php?bo_table=holdem_hand&wr_id=102"
    }
  }
}
{
  "urls": {
    "40": {
      "url": "http://hl.spolive.com/bbs/board.php?bo_table=holdem_hand&wr_id=106",
      "folder": "html",
      "filename": "fd4a6528baa8fcd4aef010a7587c70d9aa2f7bfc.00000040.html",
      "filetime": "20220815094602",
      "filesize": "222017",
      "mimetype": "text/html",
      "charset": "utf-8",
      "url_original": "http://hl.spolive.com/bbs/board.php?bo_table=holdem_hand&wr_id=106"
    }
  }
}
{
  "urls": {
    "41": {
      "url": "http://hl.spolive.com/bbs/board.php?bo_table=holdem_hand&wr_id=110",
      "folder": "html",
      "filename": "ef5e66574544661754e20ec6a738ac731078c668.00000041.html",
      "filetime": "20220815094602",
      "filesize": "220247",
      "mimetype": "text/html",
      "charset": "utf-8",
      "url_original": "http://hl.spolive.com/bbs/board.php?bo_table=holdem_hand&wr_id=110"
    }
  }
}
{
  "urls": {
    "42": {
      "url": "http://hl.spolive.com/bbs/board.php?bo_table=holdem_hand&wr_id=114",
      "folder": "html",
      "filename": "427084e9fac22602a1a4a22625d0617f6a3b1b85.00000042.html",
      "filetime": "20220815094602",
      "filesize": "219533",
      "mimetype": "text/html",
      "charset": "utf-8",
      "url_original": "http://hl.spolive.com/bbs/board.php?bo_table=holdem_hand&wr_id=114"
    }
  }
}
{
  "urls": {
    "43": {
      "url": "http://hl.spolive.com/bbs/board.php?bo_table=holdem_hand&wr_id=116",
      "folder": "html",
      "filename": "293f48e7593ebe8ab3bfd032903fafbdc9bcfb57.00000043.html",
      "filetime": "20220815094602",
      "filesize": "219132",
      "mimetype": "text/html",
      "charset": "utf-8",
      "url_original": "http://hl.spolive.com/bbs/board.php?bo_table=holdem_hand&wr_id=116"
    }
  }
}
{
  "urls": {
    "44": {
      "url": "http://hl.spolive.com/bbs/board.php?bo_table=holdem_hand&wr_id=118",
      "folder": "html",
      "filename": "f1c56033ab47c4007fa107b8ee859995e3061a67.00000044.html",
      "filetime": "20220815094601",
      "filesize": "218483",
      "mimetype": "text/html",
      "charset": "utf-8",
      "url_original": "http://hl.spolive.com/bbs/board.php?bo_table=holdem_hand&wr_id=118"
    }
  }
}
{
  "urls": {
    "45": {
      "url": "http://hl.spolive.com/bbs/board.php?bo_table=holdem_hand&wr_id=119",
      "folder": "html",
      "filename": "6be28c10a186edb158b44877672061100706e96e.00000045.html",
      "filetime": "20220815094601",
      "filesize": "218180",
      "mimetype": "text/html",
      "charset": "utf-8",
      "url_original": "http://hl.spolive.com/bbs/board.php?bo_table=holdem_hand&wr_id=119"
    }
  }
}
{
  "urls": {
    "46": {
      "url": "http://hl.spolive.com/bbs/board.php?bo_table=holdem_hand&wr_id=120",
      "folder": "html",
      "filename": "ddd5cd109511c2d9e7684ac2a82d5eabdfd1173f.00000046.html",
      "filetime": "20220815094601",
      "filesize": "217891",
      "mimetype": "text/html",
      "charset": "utf-8",
      "url_original": "http://hl.spolive.com/bbs/board.php?bo_table=holdem_hand&wr_id=120"
    }
  }
}
{
  "urls": {
    "47": {
      "url": "http://hl.spolive.com/bbs/board.php?bo_table=holdem_hand&wr_id=121",
      "folder": "html",
      "filename": "44f0046669fb691c878f77d907d39d8b9dbe5265.00000047.html",
      "filetime": "20220815094601",
      "filesize": "217239",
      "mimetype": "text/html",
      "charset": "utf-8",
      "url_original": "http://hl.spolive.com/bbs/board.php?bo_table=holdem_hand&wr_id=121"
    }
  }
}
{
  "urls": {
    "48": {
      "url": "http://hl.spolive.com/bbs/board.php?bo_table=holdem_notice",
      "folder": "html",
      "filename": "3256f84d5ad2b0721c97837ba9d9b2305ba15e17.00000048.html",
      "filetime": "20220815094537",
      "filesize": "217372",
      "mimetype": "text/html",
      "charset": "utf-8",
      "url_original": "http://hl.spolive.com/bbs/board.php?bo_table=holdem_notice"
    }
  }
}
{
  "urls": {
    "49": {
      "url": "http://hl.spolive.com/bbs/board.php?bo_table=holdem_notice&page=",
      "folder": "html",
      "filename": "ba1b838d1c59dd162c636e041ef8b0fca1fdd474.00000049.html",
      "filetime": "20220815094553",
      "filesize": "217372",
      "mimetype": "text/html",
      "charset": "utf-8",
      "url_original": "http://hl.spolive.com/bbs/board.php?bo_table=holdem_notice&page="
    }
  }
}
{
  "urls": {
    "50": {
      "url": "http://hl.spolive.com/bbs/board.php?bo_table=holdem_notice&wr_id=10",
      "folder": "html",
      "filename": "1e33d5b773bb281a84009e54f6195be7383d1488.00000050.html",
      "filetime": "20220815094543",
      "filesize": "219110",
      "mimetype": "text/html",
      "charset": "utf-8",
      "url_original": "http://hl.spolive.com/bbs/board.php?bo_table=holdem_notice&wr_id=10"
    }
  }
}
{
  "urls": {
    "51": {
      "url": "http://hl.spolive.com/bbs/board.php?bo_table=holdem_notice&wr_id=11",
      "folder": "html",
      "filename": "8b19ed5f0f2fefe024590d571440cd1c97dcc69f.00000051.html",
      "filetime": "20220815094543",
      "filesize": "219189",
      "mimetype": "text/html",
      "charset": "utf-8",
      "url_original": "http://hl.spolive.com/bbs/board.php?bo_table=holdem_notice&wr_id=11"
    }
  }
}
{
  "urls": {
    "52": {
      "url": "http://hl.spolive.com/bbs/board.php?bo_table=holdem_notice&wr_id=12",
      "folder": "html",
      "filename": "ed7b52c6f6ddd732f2f8742d8adb02516389ea5f.00000052.html",
      "filetime": "20220815094543",
      "filesize": "218359",
      "mimetype": "text/html",
      "charset": "utf-8",
      "url_original": "http://hl.spolive.com/bbs/board.php?bo_table=holdem_notice&wr_id=12"
    }
  }
}
{
  "urls": {
    "53": {
      "url": "http://hl.spolive.com/bbs/board.php?bo_table=holdem_notice&wr_id=13",
      "folder": "html",
      "filename": "ca86e15189307c0c332a490d1e6067e4d912efeb.00000053.html",
      "filetime": "20220815094543",
      "filesize": "219069",
      "mimetype": "text/html",
      "charset": "utf-8",
      "url_original": "http://hl.spolive.com/bbs/board.php?bo_table=holdem_notice&wr_id=13"
    }
  }
}
{
  "urls": {
    "54": {
      "url": "http://hl.spolive.com/bbs/board.php?bo_table=holdem_notice&wr_id=14",
      "folder": "html",
      "filename": "033454fbaeb3564daffac8a9b1d5c919949c1efb.00000054.html",
      "filetime": "20220815094543",
      "filesize": "218087",
      "mimetype": "text/html",
      "charset": "utf-8",
      "url_original": "http://hl.spolive.com/bbs/board.php?bo_table=holdem_notice&wr_id=14"
    }
  }
}
{
  "urls": {
    "55": {
      "url": "http://hl.spolive.com/bbs/board.php?bo_table=holdem_notice&wr_id=15",
      "folder": "html",
      "filename": "669120e54d712115c19091df6e200dd08c4bb624.00000055.html",
      "filetime": "20220815094538",
      "filesize": "219044",
      "mimetype": "text/html",
      "charset": "utf-8",
      "url_original": "http://hl.spolive.com/bbs/board.php?bo_table=holdem_notice&wr_id=15"
    }
  }
}
{
  "urls": {
    "56": {
      "url": "http://hl.spolive.com/bbs/board.php?bo_table=holdem_notice&wr_id=2",
      "folder": "html",
      "filename": "9f11a2b34455146cde0cdef91fad4797d67bf11b.00000056.html",
      "filetime": "20220815094544",
      "filesize": "219548",
      "mimetype": "text/html",
      "charset": "utf-8",
      "url_original": "http://hl.spolive.com/bbs/board.php?bo_table=holdem_notice&wr_id=2"
    }
  }
}
{
  "urls": {
    "57": {
      "url": "http://hl.spolive.com/bbs/board.php?bo_table=holdem_notice&wr_id=6",
      "folder": "html",
      "filename": "f62492bbca1deafd3d87c6cd35e74d9909647c98.00000057.html",
      "filetime": "20220815094544",
      "filesize": "219512",
      "mimetype": "text/html",
      "charset": "utf-8",
      "url_original": "http://hl.spolive.com/bbs/board.php?bo_table=holdem_notice&wr_id=6"
    }
  }
}
{
  "urls": {
    "58": {
      "url": "http://hl.spolive.com/bbs/board.php?bo_table=holdem_notice&wr_id=7",
      "folder": "html",
      "filename": "1f1424038fe8ff130f55cfa8f7621451e145bfd8.00000058.html",
      "filetime": "20220815094543",
      "filesize": "218359",
      "mimetype": "text/html",
      "charset": "utf-8",
      "url_original": "http://hl.spolive.com/bbs/board.php?bo_table=holdem_notice&wr_id=7"
    }
  }
}
{
  "urls": {
    "59": {
      "url": "http://hl.spolive.com/bbs/board.php?bo_table=holdem_notice&wr_id=9",
      "folder": "html",
      "filename": "debe0972defb1c5cb9542f2edb6f9292bd82e3f5.00000059.html",
      "filetime": "20220815094543",
      "filesize": "218231",
      "mimetype": "text/html",
      "charset": "utf-8",
      "url_original": "http://hl.spolive.com/bbs/board.php?bo_table=holdem_notice&wr_id=9"
    }
  }
}
{
  "urls": {
    "60": {
      "url": "http://hl.spolive.com/bbs/faq.php",
      "folder": "html",
      "filename": "e9696e23972c0df04cb7987b56282dd6a03df512.00000060.html",
      "filetime": "20220815094542",
      "filesize": "225896",
      "mimetype": "text/html",
      "charset": "utf-8",
      "url_original": "http://hl.spolive.com/bbs/faq.php"
    }
  }
}
{
  "urls": {
    "61": {
      "url": "http://hl.spolive.com/bbs/faq.php?fm_id=1",
      "folder": "html",
      "filename": "3f032dca944e5d8c7f1242c29f3878f1044b0a39.00000061.html",
      "filetime": "20220815094555",
      "filesize": "217377",
      "mimetype": "text/html",
      "charset": "utf-8",
      "url_original": "http://hl.spolive.com/bbs/faq.php?fm_id=1"
    }
  }
}
{
  "urls": {
    "63": {
      "url": "http://hl.spolive.com/bbs/faq.php?fm_id=3",
      "folder": "html",
      "filename": "59febd1f5c43c961f2e4466e52227adaf8c31ce3.00000063.html",
      "filetime": "20220815094554",
      "filesize": "214094",
      "mimetype": "text/html",
      "charset": "utf-8",
      "url_original": "http://hl.spolive.com/bbs/faq.php?fm_id=3"
    }
  }
}
{
  "urls": {
    "62": {
      "url": "http://hl.spolive.com/bbs/faq.php?fm_id=2",
      "folder": "html",
      "filename": "f92e3bb273163186d878edc0c485c3baf88ddc8a.00000062.html",
      "filetime": "20220815094554",
      "filesize": "218138",
      "mimetype": "text/html",
      "charset": "utf-8",
      "url_original": "http://hl.spolive.com/bbs/faq.php?fm_id=2"
    }
  }
}
{
  "urls": {
    "64": {
      "url": "http://hl.spolive.com/bbs/faq.php?fm_id=4",
      "folder": "html",
      "filename": "814de1b6b2cace27b0203f6fe6e61233bf47f88c.00000064.html",
      "filetime": "20220815094555",
      "filesize": "213966",
      "mimetype": "text/html",
      "charset": "utf-8",
      "url_original": "http://hl.spolive.com/bbs/faq.php?fm_id=4"
    }
  }
}
{
  "urls": {
    "65": {
      "url": "http://hl.spolive.com/bbs/faq.php?fm_id=5",
      "folder": "html",
      "filename": "890be3bfaaa936295025dc8c67d7de69de53539f.00000065.html",
      "filetime": "20220815094555",
      "filesize": "215622",
      "mimetype": "text/html",
      "charset": "utf-8",
      "url_original": "http://hl.spolive.com/bbs/faq.php?fm_id=5"
    }
  }
}
{
  "urls": {
    "66": {
      "url": "http://hl.spolive.com/bbs/faq.php?&page=2",
      "folder": "html",
      "filename": "dc51034e5a9d9dccefb80f9f334c2aa8f2596a21.00000066.html",
      "filetime": "20220815094555",
      "filesize": "214222",
      "mimetype": "text/html",
      "charset": "utf-8",
      "url_original": "http://hl.spolive.com/bbs/faq.php?&page=2"
    }
  }
}
{
  "urls": {
    "67": {
      "url": "http://hl.spolive.com/bbs/find_password2.php",
      "folder": "html",
      "filename": "e8933ce0532aa1dbdd27a0cad9707dc920af25fd.00000067.html",
      "filetime": "20220815094554",
      "filesize": "2216",
      "mimetype": "text/html",
      "charset": "utf-8",
      "url_original": "http://hl.spolive.com/bbs/find_password2.php"
    }
  }
}
{
  "urls": {
    "69": {
      "url": "http://hl.spolive.com/bbs/login_check.php",
      "folder": "html",
      "filename": "2ab275ace1ae638bc2c98670c11ee02b38b90bd2.00000069.html",
      "filetime": "20220815094538",
      "filesize": "2183",
      "mimetype": "text/html",
      "charset": "utf-8",
      "url_original": "http://hl.spolive.com/bbs/login_check.php"
    }
  }
}
{
  "urls": {
    "70": {
      "url": "http://hl.spolive.com/bbs/memo_form.php?me_recv_mb_id=03af25af96708ddcf9b28eca2516d7d2f3776b7a",
      "folder": "html",
      "filename": "a9662f60a6e10efd2e6bf33b5f67093ccc337591.00000070.html",
      "filetime": "20220815094550",
      "filesize": "1798",
      "mimetype": "text/html",
      "charset": "utf-8",
      "url_original": "http://hl.spolive.com/bbs/memo_form.php?me_recv_mb_id=03af25af96708ddcf9b28eca2516d7d2f3776b7a"
    }
  }
}
{
  "urls": {
    "68": {
      "url": "http://hl.spolive.com/bbs/find_password.php",
      "folder": "html",
      "filename": "547610d58c36dcda71d1f78be4a84b9d476b98aa.00000068.html",
      "filetime": "20220815094538",
      "filesize": "213897",
      "mimetype": "text/html",
      "charset": "utf-8",
      "url_original": "http://hl.spolive.com/bbs/find_password.php"
    }
  }
}
{
  "urls": {
    "71": {
      "url": "http://hl.spolive.com/bbs/memo_form.php?me_recv_mb_id=04f75317052960492846c48f181c53c0408e7559",
      "folder": "html",
      "filename": "c38b9d4b3115a1879add7cb6e0c73e8afba2905f.00000071.html",
      "filetime": "20220815094545",
      "filesize": "1798",
      "mimetype": "text/html",
      "charset": "utf-8",
      "url_original": "http://hl.spolive.com/bbs/memo_form.php?me_recv_mb_id=04f75317052960492846c48f181c53c0408e7559"
    }
  }
}
{
  "urls": {
    "72": {
      "url": "http://hl.spolive.com/bbs/memo_form.php?me_recv_mb_id=102775345128779059998",
      "folder": "html",
      "filename": "1f4e083a0d256ad08c46f1aeee585921a266ef66.00000072.html",
      "filetime": "20220815094602",
      "filesize": "1798",
      "mimetype": "text/html",
      "charset": "utf-8",
      "url_original": "http://hl.spolive.com/bbs/memo_form.php?me_recv_mb_id=102775345128779059998"
    }
  }
}
{
  "urls": {
    "73": {
      "url": "http://hl.spolive.com/bbs/memo_form.php?me_recv_mb_id=109746959637657152134",
      "folder": "html",
      "filename": "9d9a95b2ffd8cd1800e3b0327c33421e0e529e1f.00000073.html",
      "filetime": "20220815094602",
      "filesize": "1798",
      "mimetype": "text/html",
      "charset": "utf-8",
      "url_original": "http://hl.spolive.com/bbs/memo_form.php?me_recv_mb_id=109746959637657152134"
    }
  }
}
{
  "urls": {
    "74": {
      "url": "http://hl.spolive.com/bbs/memo_form.php?me_recv_mb_id=114401608447633851816",
      "folder": "html",
      "filename": "b6eab8dbe93ec16e47cc36b43300eee5244c2c97.00000074.html",
      "filetime": "20220815094547",
      "filesize": "1798",
      "mimetype": "text/html",
      "charset": "utf-8",
      "url_original": "http://hl.spolive.com/bbs/memo_form.php?me_recv_mb_id=114401608447633851816"
    }
  }
}
{
  "urls": {
    "75": {
      "url": "http://hl.spolive.com/bbs/memo_form.php?me_recv_mb_id=2346438457",
      "folder": "html",
      "filename": "ca951f6178d4d302a07d4d858489aade698881e5.00000075.html",
      "filetime": "20220815094546",
      "filesize": "1798",
      "mimetype": "text/html",
      "charset": "utf-8",
      "url_original": "http://hl.spolive.com/bbs/memo_form.php?me_recv_mb_id=2346438457"
    }
  }
}
{
  "urls": {
    "76": {
      "url": "http://hl.spolive.com/bbs/memo_form.php?me_recv_mb_id=242a81369367fb240ceb0ce9cb9489dae7ecf03b",
      "folder": "html",
      "filename": "437b4dcb6f43ad53dfeb00733d3ff6ad506effc9.00000076.html",
      "filetime": "20220815094547",
      "filesize": "1798",
      "mimetype": "text/html",
      "charset": "utf-8",
      "url_original": "http://hl.spolive.com/bbs/memo_form.php?me_recv_mb_id=242a81369367fb240ceb0ce9cb9489dae7ecf03b"
    }
  }
}
{
  "urls": {
    "77": {
      "url": "http://hl.spolive.com/bbs/memo_form.php?me_recv_mb_id=2dbcde56b1abe582c94e275ce287415e02c1b851",
      "folder": "html",
      "filename": "ab1617b50dcaa198dc171c769cda5ab8d0e211ad.00000077.html",
      "filetime": "20220815094556",
      "filesize": "1798",
      "mimetype": "text/html",
      "charset": "utf-8",
      "url_original": "http://hl.spolive.com/bbs/memo_form.php?me_recv_mb_id=2dbcde56b1abe582c94e275ce287415e02c1b851"
    }
  }
}
{
  "urls": {
    "78": {
      "url": "http://hl.spolive.com/bbs/memo_form.php?me_recv_mb_id=8b01bfb5bb78b1f65c1cc87fedaae75e17535f3d",
      "folder": "html",
      "filename": "c7ab713f6fd05d17001357997f2a75e342d5be23.00000078.html",
      "filetime": "20220815094602",
      "filesize": "1798",
      "mimetype": "text/html",
      "charset": "utf-8",
      "url_original": "http://hl.spolive.com/bbs/memo_form.php?me_recv_mb_id=8b01bfb5bb78b1f65c1cc87fedaae75e17535f3d"
    }
  }
}
{
  "urls": {
    "79": {
      "url": "http://hl.spolive.com/bbs/memo_form.php?me_recv_mb_id=a504e06d5a2d9dc5eb15cf727243af39a32d7d28",
      "folder": "html",
      "filename": "505d10c498717898a28cc6240958c0ad8ac8b850.00000079.html",
      "filetime": "20220815094549",
      "filesize": "1798",
      "mimetype": "text/html",
      "charset": "utf-8",
      "url_original": "http://hl.spolive.com/bbs/memo_form.php?me_recv_mb_id=a504e06d5a2d9dc5eb15cf727243af39a32d7d28"
    }
  }
}
{
  "urls": {
    "80": {
      "url": "http://hl.spolive.com/bbs/memo_form.php?me_recv_mb_id=b74f9441330df7e593450ab94759526888561a65",
      "folder": "html",
      "filename": "8a9a0627720fe963692f463c602519ab1fd6cd11.00000080.html",
      "filetime": "20220815094550",
      "filesize": "1798",
      "mimetype": "text/html",
      "charset": "utf-8",
      "url_original": "http://hl.spolive.com/bbs/memo_form.php?me_recv_mb_id=b74f9441330df7e593450ab94759526888561a65"
    }
  }
}
{
  "urls": {
    "81": {
      "url": "http://hl.spolive.com/bbs/memo_form.php?me_recv_mb_id=d97cae42d9ad26c4011abbc631495e5ab90ff8fe",
      "folder": "html",
      "filename": "5ec41013709533e4fde14d2d0edafac59cf2dede.00000081.html",
      "filetime": "20220815094551",
      "filesize": "1798",
      "mimetype": "text/html",
      "charset": "utf-8",
      "url_original": "http://hl.spolive.com/bbs/memo_form.php?me_recv_mb_id=d97cae42d9ad26c4011abbc631495e5ab90ff8fe"
    }
  }
}
{
  "urls": {
    "82": {
      "url": "http://hl.spolive.com/bbs/memo_form.php?me_recv_mb_id=dkerlk",
      "folder": "html",
      "filename": "2631a1f07a03d0c075ecdf00520dc0a7d76fa178.00000082.html",
      "filetime": "20220815094601",
      "filesize": "1798",
      "mimetype": "text/html",
      "charset": "utf-8",
      "url_original": "http://hl.spolive.com/bbs/memo_form.php?me_recv_mb_id=dkerlk"
    }
  }
}
{
  "urls": {
    "83": {
      "url": "http://hl.spolive.com/bbs/memo_form.php?me_recv_mb_id=ghgh1234",
      "folder": "html",
      "filename": "16fa6e178e1d21a3eb1bbd0be99ebeccc5ad43b2.00000083.html",
      "filetime": "20220815094550",
      "filesize": "1798",
      "mimetype": "text/html",
      "charset": "utf-8",
      "url_original": "http://hl.spolive.com/bbs/memo_form.php?me_recv_mb_id=ghgh1234"
    }
  }
}
{
  "urls": {
    "84": {
      "url": "http://hl.spolive.com/bbs/memo_form.php?me_recv_mb_id=ghwns1923",
      "folder": "html",
      "filename": "7e30800a2878e090833cde1a38a2db231578cb05.00000084.html",
      "filetime": "20220815094549",
      "filesize": "1798",
      "mimetype": "text/html",
      "charset": "utf-8",
      "url_original": "http://hl.spolive.com/bbs/memo_form.php?me_recv_mb_id=ghwns1923"
    }
  }
}
{
  "urls": {
    "85": {
      "url": "http://hl.spolive.com/bbs/memo_form.php?me_recv_mb_id=hqw1234",
      "folder": "html",
      "filename": "7e14fcce15d51fc9fa702ad2bb82556986313333.00000085.html",
      "filetime": "20220815094553",
      "filesize": "1798",
      "mimetype": "text/html",
      "charset": "utf-8",
      "url_original": "http://hl.spolive.com/bbs/memo_form.php?me_recv_mb_id=hqw1234"
    }
  }
}
{
  "urls": {
    "86": {
      "url": "http://hl.spolive.com/bbs/memo_form.php?me_recv_mb_id=needyou4027",
      "folder": "html",
      "filename": "18f1cddc73a8f93d1c784b6a2fb22f5e9c4ac34b.00000086.html",
      "filetime": "20220815094549",
      "filesize": "1798",
      "mimetype": "text/html",
      "charset": "utf-8",
      "url_original": "http://hl.spolive.com/bbs/memo_form.php?me_recv_mb_id=needyou4027"
    }
  }
}
{
  "urls": {
    "87": {
      "url": "http://hl.spolive.com/bbs/memo_form.php?me_recv_mb_id=okj1369",
      "folder": "html",
      "filename": "cfdfdc9c7121a616c7d0efaaad0bb1e69e191102.00000087.html",
      "filetime": "20220815094547",
      "filesize": "1798",
      "mimetype": "text/html",
      "charset": "utf-8",
      "url_original": "http://hl.spolive.com/bbs/memo_form.php?me_recv_mb_id=okj1369"
    }
  }
}
{
  "urls": {
    "88": {
      "url": "http://hl.spolive.com/bbs/memo_form.php?me_recv_mb_id=play095",
      "folder": "html",
      "filename": "01df1462c5829ee16c2744d23a9980ca87ef52f0.00000088.html",
      "filetime": "20220815094549",
      "filesize": "1798",
      "mimetype": "text/html",
      "charset": "utf-8",
      "url_original": "http://hl.spolive.com/bbs/memo_form.php?me_recv_mb_id=play095"
    }
  }
}
{
  "urls": {
    "94": {
      "url": "http://hl.spolive.com/cdn-cgi/scripts/5c5dd728/cloudflare-static/email-decode.min.js",
      "folder": "html",
      "filename": "9a7c5840ca2e2d9194f9af38dfd2d301f0aa70b7.00000094.js",
      "filetime": "20220809170407",
      "filesize": "1239",
      "mimetype": "application/javascript",
      "charset": "",
      "url_original": "http://hl.spolive.com/cdn-cgi/scripts/5c5dd728/cloudflare-static/email-decode.min.js"
    }
  }
}
{
  "urls": {
    "89": {
      "url": "http://hl.spolive.com/bbs/memo_form.php?me_recv_mb_id=rjrjd",
      "folder": "html",
      "filename": "06734d841fa5cde7ceae470eb1db303bc17bfc7e.00000089.html",
      "filetime": "20220815094546",
      "filesize": "1798",
      "mimetype": "text/html",
      "charset": "utf-8",
      "url_original": "http://hl.spolive.com/bbs/memo_form.php?me_recv_mb_id=rjrjd"
    }
  }
}
{
  "urls": {
    "95": {
      "url": "http://hl.spolive.com/cdn-cgi/styles/cf.errors.css",
      "folder": "html",
      "filename": "a557d5e18ebedfb917a6b68106191c24e0edabb9.00000095.css",
      "filetime": "20220809170347",
      "filesize": "24132",
      "mimetype": "text/css",
      "charset": "",
      "url_original": "http://hl.spolive.com/cdn-cgi/styles/cf.errors.css"
    }
  }
}
{
  "urls": {
    "90": {
      "url": "http://hl.spolive.com/bbs/memo_form.php?me_recv_mb_id=zldlsk8157",
      "folder": "html",
      "filename": "8038eade682d09d264efdf5cc0d3558e7c700e9c.00000090.html",
      "filetime": "20220815094601",
      "filesize": "1798",
      "mimetype": "text/html",
      "charset": "utf-8",
      "url_original": "http://hl.spolive.com/bbs/memo_form.php?me_recv_mb_id=zldlsk8157"
    }
  }
}
{
  "urls": {
    "96": {
      "url": "http://hl.spolive.com/css/reset.css",
      "folder": "html",
      "filename": "c71eeb1679c2d782215381caff603f97e4e7375a.00000096.css",
      "filetime": "20220314073324",
      "filesize": "814",
      "mimetype": "text/css",
      "charset": "",
      "url_original": "http://hl.spolive.com/css/reset.css"
    }
  }
}
{
  "urls": {
    "97": {
      "url": "http://hl.spolive.com/css/style.css",
      "folder": "html",
      "filename": "38f31ec4d370007db7ae4ef1229c2d88be8f5e1d.00000097.css",
      "filetime": "20220706060701",
      "filesize": "55758",
      "mimetype": "text/css",
      "charset": "",
      "url_original": "http://hl.spolive.com/css/style.css"
    }
  }
}
{
  "urls": {
    "93": {
      "url": "http://hl.spolive.com/cdn-cgi/l/email-protection",
      "folder": "html",
      "filename": "8ab06843052e4013dcd8133cd5fec2e8d933fdca.00000093.html",
      "filetime": "20220815094539",
      "filesize": "3499",
      "mimetype": "text/html",
      "charset": "utf-8",
      "url_original": "http://hl.spolive.com/cdn-cgi/l/email-protection"
    }
  }
}
{
  "urls": {
    "98": {
      "url": "http://hl.spolive.com/css/swiper.css",
      "folder": "html",
      "filename": "38cca6a4d0da680bb7d7af77f067c81a2cecdc1b.00000098.css",
      "filetime": "20220314073324",
      "filesize": "22256",
      "mimetype": "text/css",
      "charset": "",
      "url_original": "http://hl.spolive.com/css/swiper.css"
    }
  }
}
{
  "urls": {
    "99": {
      "url": "http://hl.spolive.com/data/editor/2205/ecde0dbf4d1dc2623e28401bf1bba321_1653897863_1686.png",
      "folder": "binary",
      "filename": "cb070467b6959bad48b13995c2d10efaf8312972.00000099.png",
      "filetime": "20220530080423",
      "filesize": "127861",
      "mimetype": "image/png",
      "charset": "",
      "url_original": "http://hl.spolive.com/data/editor/2205/ecde0dbf4d1dc2623e28401bf1bba321_1653897863_1686.png"
    }
  }
}
{
  "urls": {
    "100": {
      "url": "http://hl.spolive.com/data/editor/2206/0a3f6eba9636cc3148c6d69c6404e5c6_1656397745_2653.png",
      "folder": "binary",
      "filename": "eab124edc154d0e1e9278aa84a1c840f54c252af.00000100.png",
      "filetime": "20220628062905",
      "filesize": "127861",
      "mimetype": "image/png",
      "charset": "",
      "url_original": "http://hl.spolive.com/data/editor/2206/0a3f6eba9636cc3148c6d69c6404e5c6_1656397745_2653.png"
    }
  }
}
{
  "urls": {
    "101": {
      "url": "http://hl.spolive.com/data/editor/2206/0a3f6eba9636cc3148c6d69c6404e5c6_1656397829_3505.PNG",
      "folder": "binary",
      "filename": "90ba373ee345c6fc3aa635dbf8e7b2b49d78db5b.00000101.png",
      "filetime": "20220628063029",
      "filesize": "114887",
      "mimetype": "image/png",
      "charset": "",
      "url_original": "http://hl.spolive.com/data/editor/2206/0a3f6eba9636cc3148c6d69c6404e5c6_1656397829_3505.PNG"
    }
  }
}
{
  "urls": {
    "102": {
      "url": "http://hl.spolive.com/data/editor/2206/4e555f236320c5afb3bbf129e079f296_1655798686_4007.png",
      "folder": "binary",
      "filename": "76d3a1b621805ae51ce2d3b89355decfef45da77.00000102.png",
      "filetime": "20220621080446",
      "filesize": "127861",
      "mimetype": "image/png",
      "charset": "",
      "url_original": "http://hl.spolive.com/data/editor/2206/4e555f236320c5afb3bbf129e079f296_1655798686_4007.png"
    }
  }
}
{
  "urls": {
    "103": {
      "url": "http://hl.spolive.com/data/editor/2206/8cf933a11f2938eac34c2f49e6782c22_1655705113_9839.png",
      "folder": "binary",
      "filename": "e156c7e9425483354ed79848f5d2a24faf9665b9.00000103.png",
      "filetime": "20220620060513",
      "filesize": "127861",
      "mimetype": "image/png",
      "charset": "",
      "url_original": "http://hl.spolive.com/data/editor/2206/8cf933a11f2938eac34c2f49e6782c22_1655705113_9839.png"
    }
  }
}
{
  "urls": {
    "104": {
      "url": "http://hl.spolive.com/data/editor/2207/00b90de4f8b48f6681b32e8335e4a718_1657675500_4683.png",
      "folder": "binary",
      "filename": "d08c5bbac6f323d81e62c0083eb236e7605da98b.00000104.png",
      "filetime": "20220713012500",
      "filesize": "127861",
      "mimetype": "image/png",
      "charset": "",
      "url_original": "http://hl.spolive.com/data/editor/2207/00b90de4f8b48f6681b32e8335e4a718_1657675500_4683.png"
    }
  }
}
{
  "urls": {
    "105": {
      "url": "http://hl.spolive.com/data/editor/2207/5ebcd747c565babd30e3f235b305f097_1658738764_098.png",
      "folder": "binary",
      "filename": "3a293c0c458dc6fcf3efd9bb32d07111d94657ee.00000105.png",
      "filetime": "20220725084604",
      "filesize": "127861",
      "mimetype": "image/png",
      "charset": "",
      "url_original": "http://hl.spolive.com/data/editor/2207/5ebcd747c565babd30e3f235b305f097_1658738764_098.png"
    }
  }
}
{
  "urls": {
    "106": {
      "url": "http://hl.spolive.com/data/editor/2207/66ef9665d71df923e8dc24692ac2f36d_1656637395_3248.png",
      "folder": "binary",
      "filename": "cf9c4403fa5dcd2441f1b291dd7ce1f71bce547f.00000106.png",
      "filetime": "20220701010315",
      "filesize": "127861",
      "mimetype": "image/png",
      "charset": "",
      "url_original": "http://hl.spolive.com/data/editor/2207/66ef9665d71df923e8dc24692ac2f36d_1656637395_3248.png"
    }
  }
}
{
  "urls": {
    "107": {
      "url": "http://hl.spolive.com/data/editor/2208/a9ef0071853aa05a66027849169d7ab8_1659598699_0153.png",
      "folder": "binary",
      "filename": "58ffbe4f7db1f4b9a84d621fc59a61425b3467a7.00000107.png",
      "filetime": "20220804073819",
      "filesize": "127861",
      "mimetype": "image/png",
      "charset": "",
      "url_original": "http://hl.spolive.com/data/editor/2208/a9ef0071853aa05a66027849169d7ab8_1659598699_0153.png"
    }
  }
}
{
  "urls": {
    "108": {
      "url": "http://hl.spolive.com/data/editor/2208/c4863389c55c37669d12f28db79d0b14_1659315465_2246.png",
      "folder": "binary",
      "filename": "e01dc7c8e59be449900893475d92b899b3df832b.00000108.png",
      "filetime": "20220801005745",
      "filesize": "100970",
      "mimetype": "image/png",
      "charset": "",
      "url_original": "http://hl.spolive.com/data/editor/2208/c4863389c55c37669d12f28db79d0b14_1659315465_2246.png"
    }
  }
}
{
  "urls": {
    "91": {
      "url": "http://hl.spolive.com/bbs/password_lost.php",
      "folder": "html",
      "filename": "57b462e426836e9be53901b87fb018ca09bef437.00000091.html",
      "filetime": "20220815094538",
      "filesize": "219658",
      "mimetype": "text/html",
      "charset": "utf-8",
      "url_original": "http://hl.spolive.com/bbs/password_lost.php"
    }
  }
}
{
  "urls": {
    "109": {
      "url": "http://hl.spolive.com/images/banner/img_event_banner01.png",
      "folder": "binary",
      "filename": "dfb68ee43836fa51fbcf8e7c1ccac344d7df11dd.00000109.png",
      "filetime": "20220602031402",
      "filesize": "114880",
      "mimetype": "image/png",
      "charset": "",
      "url_original": "http://hl.spolive.com/images/banner/img_event_banner01.png"
    }
  }
}
{
  "urls": {
    "110": {
      "url": "http://hl.spolive.com/images/banner/img_side_banner01.png",
      "folder": "binary",
      "filename": "eb265b74db41b89e53abf301120e7e0f86cbcbd4.00000110.png",
      "filetime": "20220314073324",
      "filesize": "6294",
      "mimetype": "image/png",
      "charset": "",
      "url_original": "http://hl.spolive.com/images/banner/img_side_banner01.png"
    }
  }
}
{
  "urls": {
    "111": {
      "url": "http://hl.spolive.com/images/banner/img_side_banner02.png",
      "folder": "binary",
      "filename": "7e83518537542b8095f29911c9b9d5e6b58eecb5.00000111.png",
      "filetime": "20220314073324",
      "filesize": "8905",
      "mimetype": "image/png",
      "charset": "",
      "url_original": "http://hl.spolive.com/images/banner/img_side_banner02.png"
    }
  }
}
{
  "urls": {
    "112": {
      "url": "http://hl.spolive.com/images/banner/img_side_banner_link01.png",
      "folder": "binary",
      "filename": "f30b2c4b9fcdb6cd3598f9cd3b1795253f9b0fd5.00000112.png",
      "filetime": "20220328070438",
      "filesize": "74347",
      "mimetype": "image/png",
      "charset": "",
      "url_original": "http://hl.spolive.com/images/banner/img_side_banner_link01.png"
    }
  }
}
{
  "urls": {
    "114": {
      "url": "http://hl.spolive.com/images/bg_pattern.png",
      "folder": "binary",
      "filename": "21b34315a70941308166569b58ac68fc6bc8f65f.00000114.png",
      "filetime": "20220314073324",
      "filesize": "110586",
      "mimetype": "image/png",
      "charset": "",
      "url_original": "http://hl.spolive.com/images/bg_pattern.png"
    }
  }
}
{
  "urls": {
    "115": {
      "url": "http://hl.spolive.com/images/bg_top_sub01.png",
      "folder": "binary",
      "filename": "85c46db783cd81af2951fe4b1212eaf5f966b65c.00000115.png",
      "filetime": "20220314073324",
      "filesize": "114275",
      "mimetype": "image/png",
      "charset": "",
      "url_original": "http://hl.spolive.com/images/bg_top_sub01.png"
    }
  }
}
{
  "urls": {
    "113": {
      "url": "http://hl.spolive.com/images/bg_join_complete.png",
      "folder": "binary",
      "filename": "f414923d9c83b2df3e3823eaa3adfb9bfd4897dc.00000113.png",
      "filetime": "20220314073324",
      "filesize": "769124",
      "mimetype": "image/png",
      "charset": "",
      "url_original": "http://hl.spolive.com/images/bg_join_complete.png"
    }
  }
}
{
  "urls": {
    "116": {
      "url": "http://hl.spolive.com/images/bg_top_sub02.png",
      "folder": "binary",
      "filename": "b3eb9696638be7f7637330a62a473db97082e9c1.00000116.png",
      "filetime": "20220314073324",
      "filesize": "81229",
      "mimetype": "image/png",
      "charset": "",
      "url_original": "http://hl.spolive.com/images/bg_top_sub02.png"
    }
  }
}
{
  "urls": {
    "117": {
      "url": "http://hl.spolive.com/images/bg_top_sub03.png",
      "folder": "binary",
      "filename": "7f173c8560e5d380d551a70740dc36d37b32ec79.00000117.png",
      "filetime": "20220314073324",
      "filesize": "247883",
      "mimetype": "image/png",
      "charset": "",
      "url_original": "http://hl.spolive.com/images/bg_top_sub03.png"
    }
  }
}
{
  "urls": {
    "118": {
      "url": "http://hl.spolive.com/images/bg_top_sub04.png",
      "folder": "binary",
      "filename": "195ce7728c18ea4316523a1685a3469936ae9182.00000118.png",
      "filetime": "20220314073324",
      "filesize": "120800",
      "mimetype": "image/png",
      "charset": "",
      "url_original": "http://hl.spolive.com/images/bg_top_sub04.png"
    }
  }
}
{
  "urls": {
    "119": {
      "url": "http://hl.spolive.com/images/bg_top_sub05.png",
      "folder": "binary",
      "filename": "f141dc8a2b45859e431567a51aa4c6ca3ffa2596.00000119.png",
      "filetime": "20220314073324",
      "filesize": "255216",
      "mimetype": "image/png",
      "charset": "",
      "url_original": "http://hl.spolive.com/images/bg_top_sub05.png"
    }
  }
}
{
  "urls": {
    "120": {
      "url": "http://hl.spolive.com/images/bg_top_sub06.png",
      "folder": "binary",
      "filename": "28a7badc887ed55cacfdec731b35384f8c1a2e1f.00000120.png",
      "filetime": "20220314073324",
      "filesize": "226044",
      "mimetype": "image/png",
      "charset": "",
      "url_original": "http://hl.spolive.com/images/bg_top_sub06.png"
    }
  }
}
{
  "urls": {
    "121": {
      "url": "http://hl.spolive.com/images/card/img_card_c_10.png",
      "folder": "binary",
      "filename": "b930fdcf9a0cca8cd43e400af700665f1b74f000.00000121.png",
      "filetime": "20220314073324",
      "filesize": "2710",
      "mimetype": "image/png",
      "charset": "",
      "url_original": "http://hl.spolive.com/images/card/img_card_c_10.png"
    }
  }
}
{
  "urls": {
    "122": {
      "url": "http://hl.spolive.com/images/card/img_card_c_2.png",
      "folder": "binary",
      "filename": "07d41d8366e17a92eb3593ac1b8887387807d2df.00000122.png",
      "filetime": "20220314073324",
      "filesize": "1278",
      "mimetype": "image/png",
      "charset": "",
      "url_original": "http://hl.spolive.com/images/card/img_card_c_2.png"
    }
  }
}
{
  "urls": {
    "123": {
      "url": "http://hl.spolive.com/images/card/img_card_c_3.png",
      "folder": "binary",
      "filename": "80d875e0474774a8545a4b6259c1c4091e240c7d.00000123.png",
      "filetime": "20220314073324",
      "filesize": "1465",
      "mimetype": "image/png",
      "charset": "",
      "url_original": "http://hl.spolive.com/images/card/img_card_c_3.png"
    }
  }
}
{
  "urls": {
    "124": {
      "url": "http://hl.spolive.com/images/card/img_card_c_4.png",
      "folder": "binary",
      "filename": "907b80a17219a0686b91d733d96ad8b10749332e.00000124.png",
      "filetime": "20220314073324",
      "filesize": "1485",
      "mimetype": "image/png",
      "charset": "",
      "url_original": "http://hl.spolive.com/images/card/img_card_c_4.png"
    }
  }
}
{
  "urls": {
    "125": {
      "url": "http://hl.spolive.com/images/card/img_card_c_5.png",
      "folder": "binary",
      "filename": "df6548209a56efedc31840d490104bffab37d40f.00000125.png",
      "filetime": "20220314073324",
      "filesize": "1741",
      "mimetype": "image/png",
      "charset": "",
      "url_original": "http://hl.spolive.com/images/card/img_card_c_5.png"
    }
  }
}
{
  "urls": {
    "126": {
      "url": "http://hl.spolive.com/images/card/img_card_c_7.png",
      "folder": "binary",
      "filename": "747071d04ee8fc027e54c31a14ddaea5093622f1.00000126.png",
      "filetime": "20220314073324",
      "filesize": "2096",
      "mimetype": "image/png",
      "charset": "",
      "url_original": "http://hl.spolive.com/images/card/img_card_c_7.png"
    }
  }
}
{
  "urls": {
    "127": {
      "url": "http://hl.spolive.com/images/card/img_card_c_9.png",
      "folder": "binary",
      "filename": "c58b5ab8e98ac9bea57267276dfecb6cec47e714.00000127.png",
      "filetime": "20220314073324",
      "filesize": "2506",
      "mimetype": "image/png",
      "charset": "",
      "url_original": "http://hl.spolive.com/images/card/img_card_c_9.png"
    }
  }
}
{
  "urls": {
    "128": {
      "url": "http://hl.spolive.com/images/card/img_card_c_a.png",
      "folder": "binary",
      "filename": "22b5867289ec9885a1496c8ed0eda8702f66cfec.00000128.png",
      "filetime": "20220314073324",
      "filesize": "985",
      "mimetype": "image/png",
      "charset": "",
      "url_original": "http://hl.spolive.com/images/card/img_card_c_a.png"
    }
  }
}
{
  "urls": {
    "129": {
      "url": "http://hl.spolive.com/images/card/img_card_d_10.png",
      "folder": "binary",
      "filename": "f07c1f2c8f5914bf7a0dd5ea9190ac9978dc6695.00000129.png",
      "filetime": "20220314073324",
      "filesize": "1659",
      "mimetype": "image/png",
      "charset": "",
      "url_original": "http://hl.spolive.com/images/card/img_card_d_10.png"
    }
  }
}
{
  "urls": {
    "130": {
      "url": "http://hl.spolive.com/images/card/img_card_d_3.png",
      "folder": "binary",
      "filename": "1194cece8f0103863cc8655e7528bf49a2e77497.00000130.png",
      "filetime": "20220314073324",
      "filesize": "1079",
      "mimetype": "image/png",
      "charset": "",
      "url_original": "http://hl.spolive.com/images/card/img_card_d_3.png"
    }
  }
}
{
  "urls": {
    "131": {
      "url": "http://hl.spolive.com/images/card/img_card_d_4.png",
      "folder": "binary",
      "filename": "fdb8270a879400799529e8b0f7817afd29a76cc5.00000131.png",
      "filetime": "20220314073324",
      "filesize": "1072",
      "mimetype": "image/png",
      "charset": "",
      "url_original": "http://hl.spolive.com/images/card/img_card_d_4.png"
    }
  }
}
{
  "urls": {
    "132": {
      "url": "http://hl.spolive.com/images/card/img_card_d_6.png",
      "folder": "binary",
      "filename": "d5cab031b49083d8eefb853dac040f04535e504b.00000132.png",
      "filetime": "20220314073324",
      "filesize": "1318",
      "mimetype": "image/png",
      "charset": "",
      "url_original": "http://hl.spolive.com/images/card/img_card_d_6.png"
    }
  }
}
{
  "urls": {
    "133": {
      "url": "http://hl.spolive.com/images/card/img_card_d_8.png",
      "folder": "binary",
      "filename": "55c68ebf2f9c2092cb954e7bdb93faa07ddbf7fb.00000133.png",
      "filetime": "20220314073324",
      "filesize": "1519",
      "mimetype": "image/png",
      "charset": "",
      "url_original": "http://hl.spolive.com/images/card/img_card_d_8.png"
    }
  }
}
{
  "urls": {
    "134": {
      "url": "http://hl.spolive.com/images/card/img_card_d_a.png",
      "folder": "binary",
      "filename": "7f79c31eba90b325d0c38f7830686c4c47538604.00000134.png",
      "filetime": "20220314073324",
      "filesize": "798",
      "mimetype": "image/png",
      "charset": "",
      "url_original": "http://hl.spolive.com/images/card/img_card_d_a.png"
    }
  }
}
{
  "urls": {
    "135": {
      "url": "http://hl.spolive.com/images/card/img_card_d_k.png",
      "folder": "binary",
      "filename": "5ef5a7464e4a3e5a1b830917dd3d3fb1e81fade3.00000135.png",
      "filetime": "20220314073324",
      "filesize": "17238",
      "mimetype": "image/png",
      "charset": "",
      "url_original": "http://hl.spolive.com/images/card/img_card_d_k.png"
    }
  }
}
{
  "urls": {
    "136": {
      "url": "http://hl.spolive.com/images/card/img_card_h_10.png",
      "folder": "binary",
      "filename": "0bbe92bb47ef03051b053a2f7e5f67268e716c33.00000136.png",
      "filetime": "20220314073324",
      "filesize": "1763",
      "mimetype": "image/png",
      "charset": "",
      "url_original": "http://hl.spolive.com/images/card/img_card_h_10.png"
    }
  }
}
{
  "urls": {
    "137": {
      "url": "http://hl.spolive.com/images/card/img_card_h_3.png",
      "folder": "binary",
      "filename": "3c8aa3d17d5cd128a061fea28cbdf069266297f4.00000137.png",
      "filetime": "20220314073324",
      "filesize": "1198",
      "mimetype": "image/png",
      "charset": "",
      "url_original": "http://hl.spolive.com/images/card/img_card_h_3.png"
    }
  }
}
{
  "urls": {
    "138": {
      "url": "http://hl.spolive.com/images/card/img_card_h_6.png",
      "folder": "binary",
      "filename": "b823e45ebd3f1dc6e2d3428fb7ed4e88f56709f7.00000138.png",
      "filetime": "20220314073324",
      "filesize": "1561",
      "mimetype": "image/png",
      "charset": "",
      "url_original": "http://hl.spolive.com/images/card/img_card_h_6.png"
    }
  }
}
{
  "urls": {
    "139": {
      "url": "http://hl.spolive.com/images/card/img_card_h_7.png",
      "folder": "binary",
      "filename": "b30337d1be4349cc8f4a49dba2fb6b58ec458a4c.00000139.png",
      "filetime": "20220314073324",
      "filesize": "1644",
      "mimetype": "image/png",
      "charset": "",
      "url_original": "http://hl.spolive.com/images/card/img_card_h_7.png"
    }
  }
}
{
  "urls": {
    "140": {
      "url": "http://hl.spolive.com/images/card/img_card_h_8.png",
      "folder": "binary",
      "filename": "d48051535334689113dc897868e5fb4049fa7d4c.00000140.png",
      "filetime": "20220314073324",
      "filesize": "1776",
      "mimetype": "image/png",
      "charset": "",
      "url_original": "http://hl.spolive.com/images/card/img_card_h_8.png"
    }
  }
}
{
  "urls": {
    "141": {
      "url": "http://hl.spolive.com/images/card/img_card_h_9.png",
      "folder": "binary",
      "filename": "47a2b177f6b012d81b9a1a80c9806f5aad1a69dc.00000141.png",
      "filetime": "20220314073324",
      "filesize": "1784",
      "mimetype": "image/png",
      "charset": "",
      "url_original": "http://hl.spolive.com/images/card/img_card_h_9.png"
    }
  }
}
{
  "urls": {
    "142": {
      "url": "http://hl.spolive.com/images/card/img_card_h_a.png",
      "folder": "binary",
      "filename": "232e2662f1eae0952c25a1d169258fe00d3a6094.00000142.png",
      "filetime": "20220314073324",
      "filesize": "1186",
      "mimetype": "image/png",
      "charset": "",
      "url_original": "http://hl.spolive.com/images/card/img_card_h_a.png"
    }
  }
}
{
  "urls": {
    "143": {
      "url": "http://hl.spolive.com/images/card/img_card_h_j.png",
      "folder": "binary",
      "filename": "0ac3201a5fa9a236e5904eeb9759b9430113b690.00000143.png",
      "filetime": "20220314073324",
      "filesize": "17685",
      "mimetype": "image/png",
      "charset": "",
      "url_original": "http://hl.spolive.com/images/card/img_card_h_j.png"
    }
  }
}
{
  "urls": {
    "144": {
      "url": "http://hl.spolive.com/images/card/img_card_h_k.png",
      "folder": "binary",
      "filename": "da362f9fb5fdac5b9cc93e3d0f1a6cb942e09174.00000144.png",
      "filetime": "20220314073324",
      "filesize": "18385",
      "mimetype": "image/png",
      "charset": "",
      "url_original": "http://hl.spolive.com/images/card/img_card_h_k.png"
    }
  }
}
{
  "urls": {
    "145": {
      "url": "http://hl.spolive.com/images/card/img_card_h_q.png",
      "folder": "binary",
      "filename": "5067409aabb0e9f3788da226a716b6b073a9998e.00000145.png",
      "filetime": "20220314073324",
      "filesize": "17729",
      "mimetype": "image/png",
      "charset": "",
      "url_original": "http://hl.spolive.com/images/card/img_card_h_q.png"
    }
  }
}
{
  "urls": {
    "147": {
      "url": "http://hl.spolive.com/images/card/img_card_s_2.png",
      "folder": "binary",
      "filename": "5dba03a7a81588b1fd1cb62fd25ca877a0033bb1.00000147.png",
      "filetime": "20220314073324",
      "filesize": "1148",
      "mimetype": "image/png",
      "charset": "",
      "url_original": "http://hl.spolive.com/images/card/img_card_s_2.png"
    }
  }
}
{
  "urls": {
    "146": {
      "url": "http://hl.spolive.com/images/card/img_card_rank.jpg",
      "folder": "binary",
      "filename": "6a39af7b2722045e882dcbb625bdaa25143bd291.00000146.jpg",
      "filetime": "20220314073324",
      "filesize": "620711",
      "mimetype": "image/jpeg",
      "charset": "",
      "url_original": "http://hl.spolive.com/images/card/img_card_rank.jpg"
    }
  }
}
{
  "urls": {
    "148": {
      "url": "http://hl.spolive.com/images/card/img_card_s_3.png",
      "folder": "binary",
      "filename": "e32feb5cfedb88ae468b609afbd5aa4593eb7d1c.00000148.png",
      "filetime": "20220314073324",
      "filesize": "1299",
      "mimetype": "image/png",
      "charset": "",
      "url_original": "http://hl.spolive.com/images/card/img_card_s_3.png"
    }
  }
}
{
  "urls": {
    "149": {
      "url": "http://hl.spolive.com/images/card/img_card_s_7.png",
      "folder": "binary",
      "filename": "7b7c72ecc326bf5f0dbe67948b006c46d6b5a030.00000149.png",
      "filetime": "20220314073324",
      "filesize": "1951",
      "mimetype": "image/png",
      "charset": "",
      "url_original": "http://hl.spolive.com/images/card/img_card_s_7.png"
    }
  }
}
{
  "urls": {
    "150": {
      "url": "http://hl.spolive.com/images/card/img_card_s_9.png",
      "folder": "binary",
      "filename": "4ea12ea60ac5afd0bc76fd71666bec2550c51e24.00000150.png",
      "filetime": "20220314073324",
      "filesize": "2292",
      "mimetype": "image/png",
      "charset": "",
      "url_original": "http://hl.spolive.com/images/card/img_card_s_9.png"
    }
  }
}
{
  "urls": {
    "151": {
      "url": "http://hl.spolive.com/images/card/img_card_s_a.png",
      "folder": "binary",
      "filename": "3b216c4c859c76729a122caf461d75fdcdd7b666.00000151.png",
      "filetime": "20220314073324",
      "filesize": "4427",
      "mimetype": "image/png",
      "charset": "",
      "url_original": "http://hl.spolive.com/images/card/img_card_s_a.png"
    }
  }
}
{
  "urls": {
    "152": {
      "url": "http://hl.spolive.com/images/card/img_card_s_j.png",
      "folder": "binary",
      "filename": "3788ce4a9594264e5d9c98578fb12973d5ae8969.00000152.png",
      "filetime": "20220314073324",
      "filesize": "16894",
      "mimetype": "image/png",
      "charset": "",
      "url_original": "http://hl.spolive.com/images/card/img_card_s_j.png"
    }
  }
}
{
  "urls": {
    "153": {
      "url": "http://hl.spolive.com/images/card/img_card_s_q.png",
      "folder": "binary",
      "filename": "48cb55f1e63415d6e4ba0e7a3c1f51a9197724be.00000153.png",
      "filetime": "20220314073324",
      "filesize": "16311",
      "mimetype": "image/png",
      "charset": "",
      "url_original": "http://hl.spolive.com/images/card/img_card_s_q.png"
    }
  }
}
{
  "urls": {
    "155": {
      "url": "http://hl.spolive.com/images/icon_datepicker.png",
      "folder": "binary",
      "filename": "c69b5d0d1d35a4a713a886d33e9c92e10f83a7d1.00000155.png",
      "filetime": "20220314073324",
      "filesize": "692",
      "mimetype": "image/png",
      "charset": "",
      "url_original": "http://hl.spolive.com/images/icon_datepicker.png"
    }
  }
}
{
  "urls": {
    "156": {
      "url": "http://hl.spolive.com/images/icon_file.png",
      "folder": "binary",
      "filename": "d074c6840466c2d4945af9df7d58d866d63421cb.00000156.png",
      "filetime": "20220314073324",
      "filesize": "514",
      "mimetype": "image/png",
      "charset": "",
      "url_original": "http://hl.spolive.com/images/icon_file.png"
    }
  }
}
{
  "urls": {
    "154": {
      "url": "http://hl.spolive.com/images/card/img_card_table.jpg",
      "folder": "binary",
      "filename": "9f8a694a74a7b33ab5d03cabe8296dbc1aaffde2.00000154.jpg",
      "filetime": "20220314073324",
      "filesize": "436964",
      "mimetype": "image/jpeg",
      "charset": "",
      "url_original": "http://hl.spolive.com/images/card/img_card_table.jpg"
    }
  }
}
{
  "urls": {
    "157": {
      "url": "http://hl.spolive.com/images/icon_img.png",
      "folder": "binary",
      "filename": "9e9c9e798feab0230fadeaeb893a91068399d8e9.00000157.png",
      "filetime": "20220314073324",
      "filesize": "467",
      "mimetype": "image/png",
      "charset": "",
      "url_original": "http://hl.spolive.com/images/icon_img.png"
    }
  }
}
{
  "urls": {
    "158": {
      "url": "http://hl.spolive.com/images/icon_itech_certi_blue.png",
      "folder": "binary",
      "filename": "da71c52624cdfa7e9a4b55f0b53a51c74c5730d1.00000158.png",
      "filetime": "20220404073742",
      "filesize": "8887",
      "mimetype": "image/png",
      "charset": "",
      "url_original": "http://hl.spolive.com/images/icon_itech_certi_blue.png"
    }
  }
}
{
  "urls": {
    "159": {
      "url": "http://hl.spolive.com/images/icon_new.png",
      "folder": "binary",
      "filename": "214739920bcc7249fc4ea54e136ada52e1d68632.00000159.png",
      "filetime": "20220314073324",
      "filesize": "137",
      "mimetype": "image/png",
      "charset": "",
      "url_original": "http://hl.spolive.com/images/icon_new.png"
    }
  }
}
{
  "urls": {
    "160": {
      "url": "http://hl.spolive.com/images/icon_popup_close.png",
      "folder": "binary",
      "filename": "46d1256d80419cd007ca4a6c1ba7e3407c561edf.00000160.png",
      "filetime": "20220314073324",
      "filesize": "590",
      "mimetype": "image/png",
      "charset": "",
      "url_original": "http://hl.spolive.com/images/icon_popup_close.png"
    }
  }
}
{
  "urls": {
    "161": {
      "url": "http://hl.spolive.com/images/icon_reply_btn.png",
      "folder": "binary",
      "filename": "34403e482c9684b4f0d4aa7a8ad77d12c518a52b.00000161.png",
      "filetime": "20220314073324",
      "filesize": "118",
      "mimetype": "image/png",
      "charset": "",
      "url_original": "http://hl.spolive.com/images/icon_reply_btn.png"
    }
  }
}
{
  "urls": {
    "162": {
      "url": "http://hl.spolive.com/images/icon_reply.png",
      "folder": "binary",
      "filename": "34889b9409bc9d70c73908d8e81452a84bcb28df.00000162.png",
      "filetime": "20220314073324",
      "filesize": "279",
      "mimetype": "image/png",
      "charset": "",
      "url_original": "http://hl.spolive.com/images/icon_reply.png"
    }
  }
}
{
  "urls": {
    "163": {
      "url": "http://hl.spolive.com/images/iconset01.png",
      "folder": "binary",
      "filename": "6c484e3b021ecd442eac15ae8918bde3233293ec.00000163.png",
      "filetime": "20220314073324",
      "filesize": "15627",
      "mimetype": "image/png",
      "charset": "",
      "url_original": "http://hl.spolive.com/images/iconset01.png"
    }
  }
}
{
  "urls": {
    "164": {
      "url": "http://hl.spolive.com/images/iconset02.png",
      "folder": "binary",
      "filename": "8db907b185a48d155b0b020218f149319f7737bf.00000164.png",
      "filetime": "20220314073324",
      "filesize": "1903",
      "mimetype": "image/png",
      "charset": "",
      "url_original": "http://hl.spolive.com/images/iconset02.png"
    }
  }
}
{
  "urls": {
    "165": {
      "url": "http://hl.spolive.com/images/iconset03.png",
      "folder": "binary",
      "filename": "18b37bec6ae391203ba322e146d6079e5cae09ea.00000165.png",
      "filetime": "20220314073324",
      "filesize": "5566",
      "mimetype": "image/png",
      "charset": "",
      "url_original": "http://hl.spolive.com/images/iconset03.png"
    }
  }
}
{
  "urls": {
    "166": {
      "url": "http://hl.spolive.com/images/icon_sns_apple.png",
      "folder": "binary",
      "filename": "643e3c1b0bb410357ea3921d0da095985203ba8a.00000166.png",
      "filetime": "20220328070438",
      "filesize": "575",
      "mimetype": "image/png",
      "charset": "",
      "url_original": "http://hl.spolive.com/images/icon_sns_apple.png"
    }
  }
}
{
  "urls": {
    "167": {
      "url": "http://hl.spolive.com/images/icon_sns_facebook.png",
      "folder": "binary",
      "filename": "2a0bb548c4ebd309e617ee00f322246471866eca.00000167.png",
      "filetime": "20220314073324",
      "filesize": "439",
      "mimetype": "image/png",
      "charset": "",
      "url_original": "http://hl.spolive.com/images/icon_sns_facebook.png"
    }
  }
}
{
  "urls": {
    "168": {
      "url": "http://hl.spolive.com/images/icon_sns_google.png",
      "folder": "binary",
      "filename": "ea55c85c4e9a36e9cb2514809564fda3c9fd81e7.00000168.png",
      "filetime": "20220314073324",
      "filesize": "793",
      "mimetype": "image/png",
      "charset": "",
      "url_original": "http://hl.spolive.com/images/icon_sns_google.png"
    }
  }
}
{
  "urls": {
    "169": {
      "url": "http://hl.spolive.com/images/icon_sns_kakao.png",
      "folder": "binary",
      "filename": "6760e6b2c1301c58c5fcb9a370a06d7a58382277.00000169.png",
      "filetime": "20220314073324",
      "filesize": "812",
      "mimetype": "image/png",
      "charset": "",
      "url_original": "http://hl.spolive.com/images/icon_sns_kakao.png"
    }
  }
}
{
  "urls": {
    "170": {
      "url": "http://hl.spolive.com/images/icon_sns_naver.png",
      "folder": "binary",
      "filename": "9ced8fff1d300be804674960a10136b03a25a457.00000170.png",
      "filetime": "20220314073324",
      "filesize": "490",
      "mimetype": "image/png",
      "charset": "",
      "url_original": "http://hl.spolive.com/images/icon_sns_naver.png"
    }
  }
}
{
  "urls": {
    "171": {
      "url": "http://hl.spolive.com/images/icon_trophy_gold.png",
      "folder": "binary",
      "filename": "836b19913e0d3e389c0783e30e7bff1651a161a4.00000171.png",
      "filetime": "20220314073324",
      "filesize": "560",
      "mimetype": "image/png",
      "charset": "",
      "url_original": "http://hl.spolive.com/images/icon_trophy_gold.png"
    }
  }
}
{
  "urls": {
    "172": {
      "url": "http://hl.spolive.com/images/icon_trophy_silver.png",
      "folder": "binary",
      "filename": "23a8ad4bf3c6b437956de15e0d69082cd3463774.00000172.png",
      "filetime": "20220314073324",
      "filesize": "349",
      "mimetype": "image/png",
      "charset": "",
      "url_original": "http://hl.spolive.com/images/icon_trophy_silver.png"
    }
  }
}
{
  "urls": {
    "173": {
      "url": "http://hl.spolive.com/images/icon_view.png",
      "folder": "binary",
      "filename": "74d8c4f88863e5ae7f303255b86b96ce19429e7e.00000173.png",
      "filetime": "20220314073324",
      "filesize": "632",
      "mimetype": "image/png",
      "charset": "",
      "url_original": "http://hl.spolive.com/images/icon_view.png"
    }
  }
}
{
  "urls": {
    "174": {
      "url": "http://hl.spolive.com/images/img_gradeicon1.png",
      "folder": "binary",
      "filename": "e422bd0210d74344d1f2afe85e58d2922ec9f18e.00000174.png",
      "filetime": "20220314073324",
      "filesize": "3121",
      "mimetype": "image/png",
      "charset": "",
      "url_original": "http://hl.spolive.com/images/img_gradeicon1.png"
    }
  }
}
{
  "urls": {
    "175": {
      "url": "http://hl.spolive.com/images/img_login.jpg",
      "folder": "binary",
      "filename": "c64948d80b369ca4947e09ee2beba3fbaac32076.00000175.jpg",
      "filetime": "20220314073324",
      "filesize": "41799",
      "mimetype": "image/jpeg",
      "charset": "",
      "url_original": "http://hl.spolive.com/images/img_login.jpg"
    }
  }
}
{
  "urls": {
    "176": {
      "url": "http://hl.spolive.com/images/imgset01.png",
      "folder": "binary",
      "filename": "55fcaf2888f898f1b846d5de424ec8d8053bbaca.00000176.png",
      "filetime": "20220314073324",
      "filesize": "39763",
      "mimetype": "image/png",
      "charset": "",
      "url_original": "http://hl.spolive.com/images/imgset01.png"
    }
  }
}
{
  "urls": {
    "177": {
      "url": "http://hl.spolive.com/images/img_slide01_img.png",
      "folder": "binary",
      "filename": "736cc3272528407382ea47fe08310feab86b01bf.00000177.png",
      "filetime": "20220404073742",
      "filesize": "282650",
      "mimetype": "image/png",
      "charset": "",
      "url_original": "http://hl.spolive.com/images/img_slide01_img.png"
    }
  }
}
{
  "urls": {
    "178": {
      "url": "http://hl.spolive.com/images/img_slide01_txt.png",
      "folder": "binary",
      "filename": "03e9ad16d827fd9635a51264719a0ded08a5ebec.00000178.png",
      "filetime": "20220404073742",
      "filesize": "3480",
      "mimetype": "image/png",
      "charset": "",
      "url_original": "http://hl.spolive.com/images/img_slide01_txt.png"
    }
  }
}
{
  "urls": {
    "179": {
      "url": "http://hl.spolive.com/images/img_slide03_img.png",
      "folder": "binary",
      "filename": "f443bd546fec66db108898a568aab12c388af6f6.00000179.png",
      "filetime": "20220404073742",
      "filesize": "252640",
      "mimetype": "image/png",
      "charset": "",
      "url_original": "http://hl.spolive.com/images/img_slide03_img.png"
    }
  }
}
{
  "urls": {
    "180": {
      "url": "http://hl.spolive.com/images/img_slide03_txt.png",
      "folder": "binary",
      "filename": "6c58591aba8d341653fef5a6bd52bf6cbff50ec3.00000180.png",
      "filetime": "20220404073742",
      "filesize": "2573",
      "mimetype": "image/png",
      "charset": "",
      "url_original": "http://hl.spolive.com/images/img_slide03_txt.png"
    }
  }
}
{
  "urls": {
    "181": {
      "url": "http://hl.spolive.com/images/img_slide06_img.png?20220801",
      "folder": "binary",
      "filename": "e40a8b53341793c4b79f347e9241ada6885594b3.00000181.png",
      "filetime": "20220713032918",
      "filesize": "131676",
      "mimetype": "image/png",
      "charset": "",
      "url_original": "http://hl.spolive.com/images/img_slide06_img.png?20220801"
    }
  }
}
{
  "urls": {
    "182": {
      "url": "http://hl.spolive.com/images/img_slide06_txt.png?20220801",
      "folder": "binary",
      "filename": "ad62656c1894f82b6918ad57c84713f987b21d13.00000182.png",
      "filetime": "20220801013134",
      "filesize": "6965",
      "mimetype": "image/png",
      "charset": "",
      "url_original": "http://hl.spolive.com/images/img_slide06_txt.png?20220801"
    }
  }
}
{
  "urls": {
    "183": {
      "url": "http://hl.spolive.com/images/img_slide08_img.png",
      "folder": "binary",
      "filename": "1f60102779952423e5313e920c87645dcd6a13cf.00000183.png",
      "filetime": "20220801013134",
      "filesize": "106603",
      "mimetype": "image/png",
      "charset": "",
      "url_original": "http://hl.spolive.com/images/img_slide08_img.png"
    }
  }
}
{
  "urls": {
    "184": {
      "url": "http://hl.spolive.com/images/img_slide08_txt.png",
      "folder": "binary",
      "filename": "3bcffc5ce6bf6f034f8a5b00a921875eac5d45db.00000184.png",
      "filetime": "20220801013134",
      "filesize": "6300",
      "mimetype": "image/png",
      "charset": "",
      "url_original": "http://hl.spolive.com/images/img_slide08_txt.png"
    }
  }
}
{
  "urls": {
    "185": {
      "url": "http://hl.spolive.com/images/img_slide09_img.png",
      "folder": "binary",
      "filename": "664c48dd5c73497e32cdb74cb0c493ef8d8902e7.00000185.png",
      "filetime": "20220804075956",
      "filesize": "138049",
      "mimetype": "image/png",
      "charset": "",
      "url_original": "http://hl.spolive.com/images/img_slide09_img.png"
    }
  }
}
{
  "urls": {
    "186": {
      "url": "http://hl.spolive.com/images/img_slide09_txt.png",
      "folder": "binary",
      "filename": "3785c759a23dd97113035b024fb169ab5f1dfdc0.00000186.png",
      "filetime": "20220804075956",
      "filesize": "5671",
      "mimetype": "image/png",
      "charset": "",
      "url_original": "http://hl.spolive.com/images/img_slide09_txt.png"
    }
  }
}
{
  "urls": {
    "187": {
      "url": "http://hl.spolive.com/images/logo_holdem_emblem2.png",
      "folder": "binary",
      "filename": "d6b6316200d0c56df7874c39a25d8a0ed4ddec54.00000187.png",
      "filetime": "20220314073324",
      "filesize": "4118",
      "mimetype": "image/png",
      "charset": "",
      "url_original": "http://hl.spolive.com/images/logo_holdem_emblem2.png"
    }
  }
}
{
  "urls": {
    "188": {
      "url": "http://hl.spolive.com/images/logo_holdem_full.png",
      "folder": "binary",
      "filename": "f7b1a91d02e7f7d68bf8d0b7e0486989be7af387.00000188.png",
      "filetime": "20220314073324",
      "filesize": "5031",
      "mimetype": "image/png",
      "charset": "",
      "url_original": "http://hl.spolive.com/images/logo_holdem_full.png"
    }
  }
}
{
  "urls": {
    "189": {
      "url": "http://hl.spolive.com/img/icon/holdem_favicon.ico",
      "folder": "binary",
      "filename": "4649aca8bb3d8c667cc626a51db9829725999c94.00000189.ico",
      "filetime": "20220314073324",
      "filesize": "1150",
      "mimetype": "image/vnd.microsoft.icon",
      "charset": "",
      "url_original": "http://hl.spolive.com/img/icon/holdem_favicon.ico"
    }
  }
}
{
  "urls": {
    "190": {
      "url": "http://hl.spolive.com/js/common.js",
      "folder": "html",
      "filename": "3eb440dc92760c534e84d74db32e27999a502e13.00000190.js",
      "filetime": "20220706060701",
      "filesize": "36496",
      "mimetype": "application/javascript",
      "charset": "",
      "url_original": "http://hl.spolive.com/js/common.js"
    }
  }
}
{
  "urls": {
    "191": {
      "url": "http://hl.spolive.com/js/jquery-1.12.0.min.js",
      "folder": "html",
      "filename": "439f8e58107ed5937f0d5e5a5f3ba1a7fddccca4.00000191.js",
      "filetime": "20220314073324",
      "filesize": "97362",
      "mimetype": "application/javascript",
      "charset": "",
      "url_original": "http://hl.spolive.com/js/jquery-1.12.0.min.js"
    }
  }
}
{
  "urls": {
    "192": {
      "url": "http://hl.spolive.com/js/main.js",
      "folder": "html",
      "filename": "f9dca3d7ea120700f3de1a9ebb3bdc3cc326d0f1.00000192.js",
      "filetime": "20220314073324",
      "filesize": "1955",
      "mimetype": "application/javascript",
      "charset": "",
      "url_original": "http://hl.spolive.com/js/main.js"
    }
  }
}
{
  "urls": {
    "193": {
      "url": "http://hl.spolive.com/js/md5.js",
      "folder": "html",
      "filename": "d723943f752d7da4d16c105db61da399052949c9.00000193.js",
      "filetime": "20220314073324",
      "filesize": "7920",
      "mimetype": "application/javascript",
      "charset": "",
      "url_original": "http://hl.spolive.com/js/md5.js"
    }
  }
}
{
  "urls": {
    "194": {
      "url": "http://hl.spolive.com/js/swiper.min.js",
      "folder": "html",
      "filename": "05b67c5ab0ed80a8d67b9ff74bf1191bc7ad96d8.00000194.js",
      "filetime": "20220314073324",
      "filesize": "127934",
      "mimetype": "application/javascript",
      "charset": "",
      "url_original": "http://hl.spolive.com/js/swiper.min.js"
    }
  }
}
{
  "urls": {
    "195": {
      "url": "http://hl.spolive.com/js/viewimageresize.js",
      "folder": "html",
      "filename": "8220ce7d0ab2c9f527df19b9d639ffca04785372.00000195.js",
      "filetime": "20220314073324",
      "filesize": "2480",
      "mimetype": "application/javascript",
      "charset": "",
      "url_original": "http://hl.spolive.com/js/viewimageresize.js"
    }
  }
}
{
  "urls": {
    "196": {
      "url": "http://hl.spolive.com/js/wrest.js",
      "folder": "html",
      "filename": "c3b4fef75173437d981d507e984a3a49b45579b9.00000196.js",
      "filetime": "20220314073324",
      "filesize": "11096",
      "mimetype": "application/javascript",
      "charset": "",
      "url_original": "http://hl.spolive.com/js/wrest.js"
    }
  }
}
{
  "urls": {
    "201": {
      "url": "http://hl.spolive.com/robots.txt",
      "folder": "html",
      "filename": "3fd3b1b1dc45b29bb78dfbd2cb7e836584954927.00000201.txt",
      "filetime": "20220314073325",
      "filesize": "22",
      "mimetype": "text/plain",
      "charset": "utf-8",
      "url_original": "http://hl.spolive.com/robots.txt"
    }
  }
}
{
  "urls": {
    "197": {
      "url": "http://hl.spolive.com/page/introduce_1.php",
      "folder": "html",
      "filename": "ddf90d258fa1380fe04ff2a442114ff8d50aa5a5.00000197.html",
      "filetime": "20220815094537",
      "filesize": "216951",
      "mimetype": "text/html",
      "charset": "utf-8",
      "url_original": "http://hl.spolive.com/page/introduce_1.php"
    }
  }
}
{
  "urls": {
    "200": {
      "url": "http://hl.spolive.com/page/mall.php",
      "folder": "html",
      "filename": "f0cdf5d3988df28aaaeedca623d166e5efaab21c.00000200.html",
      "filetime": "20220815094538",
      "filesize": "2133",
      "mimetype": "text/html",
      "charset": "utf-8",
      "url_original": "http://hl.spolive.com/page/mall.php"
    }
  }
}
{
  "urls": {
    "198": {
      "url": "http://hl.spolive.com/page/introduce_2.php",
      "folder": "html",
      "filename": "bd805814af717983f17f4a7a6b7f5dd73d3bf78a.00000198.html",
      "filetime": "20220815094544",
      "filesize": "220562",
      "mimetype": "text/html",
      "charset": "utf-8",
      "url_original": "http://hl.spolive.com/page/introduce_2.php"
    }
  }
}
{
  "urls": {
    "199": {
      "url": "http://hl.spolive.com/page/introduce_3.php",
      "folder": "html",
      "filename": "2c7d1875dfedcd57fb5ef766707eee7cae962755.00000199.html",
      "filetime": "20220815094544",
      "filesize": "293930",
      "mimetype": "text/html",
      "charset": "utf-8",
      "url_original": "http://hl.spolive.com/page/introduce_3.php"
    }
  }
}
{
  "urls": {
    "92": {
      "url": "http://hl.spolive.com/bbs/register.php",
      "folder": "html",
      "filename": "80381af933c2d0162a8ebb19aeca79d2ee297652.00000092.html",
      "filetime": "20220815094537",
      "filesize": "296248",
      "mimetype": "text/html",
      "charset": "utf-8",
      "url_original": "http://hl.spolive.com/bbs/register.php"
    }
  }
}
